{"V765 Cas": {"ra": 19.787705297282752, "dec": 58.29055989589067, "pmra": -1.9205432585185462, "pmdec": -0.6219813915614305, "period": 1.715771, "gmag": 10.620232582092285}, "comp50": {"ra": 20.024142, "dec": 58.2467, "mags": {"B": 15.07699966430664, "eB": 0.13199999928474426, "V": 14.371999740600586, "eV": 0.09000000357627869, "SG": 14.644000053405762, "eSG": 0.0, "SI": 13.73900032043457, "eSI": 0.0, "SR": 14.262999534606934, "eSR": 0.0}}, "comp95": {"ra": 19.637771, "dec": 58.37517, "mags": {"B": 9.730999946594238, "eB": 0.0, "V": 9.38599967956543, "eV": 0.0, "SG": 9.506999969482422, "eSG": 0.0, "SI": 9.355999946594238, "eSI": 0.0, "SR": 9.364999771118164, "eSR": 0.0}}, "comp98": {"ra": 20.203883, "dec": 58.334265, "mags": {"B": 10.14799976348877, "eB": 0.02800000086426735, "V": 9.847999572753906, "eV": 0.0, "SG": 10.088000297546387, "eSG": 0.14000000059604645, "SI": 9.91100025177002, "eSI": 0.0, "SR": 9.847999572753906, "eSR": 0.0}}, "comp106": {"ra": 19.943539, "dec": 58.20721, "mags": {"B": 10.904999732971191, "eB": 0.03999999910593033, "V": 10.590999603271484, "eV": 0.05000000074505806, "SG": 10.723999977111816, "eSG": 0.05700000002980232, "SI": 10.54699993133545, "eSI": 0.035999998450279236, "SR": 10.553999900817871, "eSR": 0.04100000113248825}}, "comp111": {"ra": 19.624301, "dec": 58.183254, "mags": {"B": 11.807999610900879, "eB": 0.01600000075995922, "V": 11.081000328063965, "eV": 0.04100000113248825, "SG": 11.402999877929688, "eSG": 0.032999999821186066, "SI": 10.663000106811523, "eSI": 0.04500000178813934, "SR": 10.842000007629395, "eSR": 0.027000000700354576}}, "comp117": {"ra": 19.898867, "dec": 58.375405, "mags": {"B": 11.967000007629395, "eB": 0.017999999225139618, "V": 11.644000053405762, "eV": 0.05400000140070915, "SG": 11.763999938964844, "eSG": 0.035999998450279236, "SI": 11.619000434875488, "eSI": 0.04100000113248825, "SR": 11.619999885559082, "eSR": 0.032999999821186066}}}